File Name,File Path,Container Name,Blob URL
009_1737757311321061.bin,20250124_jcvc01_multi/1251/img_fc/009_1737757311321061.bin,ssd2-1,https://forhondafotus.blob.core.windows.net/ssd2-1/20250124_jcvc01_multi/1251/img_fc/009_1737757311321061.bin
010_1737757911375254.bin,20250124_jcvc01_multi/1251/img_fc/010_1737757911375254.bin,ssd2-1,https://forhondafotus.blob.core.windows.net/ssd2-1/20250124_jcvc01_multi/1251/img_fc/010_1737757911375254.bin
011_1737758511417688.bin,20250124_jcvc01_multi/1251/img_fc/011_1737758511417688.bin,ssd2-1,https://forhondafotus.blob.core.windows.net/ssd2-1/20250124_jcvc01_multi/1251/img_fc/011_1737758511417688.bin
000_1737758654297113.bin,20250124_jcvc01_multi/1444/img_fc/000_1737758654297113.bin,ssd2-1,https://forhondafotus.blob.core.windows.net/ssd2-1/20250124_jcvc01_multi/1444/img_fc/000_1737758654297113.bin
001_1737759254332367.bin,20250124_jcvc01_multi/1444/img_fc/001_1737759254332367.bin,ssd2-1,https://forhondafotus.blob.core.windows.net/ssd2-1/20250124_jcvc01_multi/1444/img_fc/001_1737759254332367.bin
002_1737759854347106.bin,20250124_jcvc01_multi/1444/img_fc/002_1737759854347106.bin,ssd2-1,https://forhondafotus.blob.core.windows.net/ssd2-1/20250124_jcvc01_multi/1444/img_fc/002_1737759854347106.bin
003_1737760454528609.bin,20250124_jcvc01_multi/1444/img_fc/003_1737760454528609.bin,ssd2-1,https://forhondafotus.blob.core.windows.net/ssd2-1/20250124_jcvc01_multi/1444/img_fc/003_1737760454528609.bin
004_1737761054681947.bin,20250124_jcvc01_multi/1444/img_fc/004_1737761054681947.bin,ssd2-1,https://forhondafotus.blob.core.windows.net/ssd2-1/20250124_jcvc01_multi/1444/img_fc/004_1737761054681947.bin
005_1737761654870827.bin,20250124_jcvc01_multi/1444/img_fc/005_1737761654870827.bin,ssd2-1,https://forhondafotus.blob.core.windows.net/ssd2-1/20250124_jcvc01_multi/1444/img_fc/005_1737761654870827.bin
006_1737762255346524.bin,20250124_jcvc01_multi/1444/img_fc/006_1737762255346524.bin,ssd2-1,https://forhondafotus.blob.core.windows.net/ssd2-1/20250124_jcvc01_multi/1444/img_fc/006_1737762255346524.bin
007_1737762855920497.bin,20250124_jcvc01_multi/1444/img_fc/007_1737762855920497.bin,ssd2-1,https://forhondafotus.blob.core.windows.net/ssd2-1/20250124_jcvc01_multi/1444/img_fc/007_1737762855920497.bin
008_1737763456117435.bin,20250124_jcvc01_multi/1444/img_fc/008_1737763456117435.bin,ssd2-1,https://forhondafotus.blob.core.windows.net/ssd2-1/20250124_jcvc01_multi/1444/img_fc/008_1737763456117435.bin
009_1737764056738698.bin,20250124_jcvc01_multi/1444/img_fc/009_1737764056738698.bin,ssd2-1,https://forhondafotus.blob.core.windows.net/ssd2-1/20250124_jcvc01_multi/1444/img_fc/009_1737764056738698.bin
010_1737764657223984.bin,20250124_jcvc01_multi/1444/img_fc/010_1737764657223984.bin,ssd2-1,https://forhondafotus.blob.core.windows.net/ssd2-1/20250124_jcvc01_multi/1444/img_fc/010_1737764657223984.bin
000_1737769260545649.bin,20250124_jcvc01_multi/1741/img_fc/000_1737769260545649.bin,ssd2-1,https://forhondafotus.blob.core.windows.net/ssd2-1/20250124_jcvc01_multi/1741/img_fc/000_1737769260545649.bin
000_1737769511026403.bin,20250124_jcvc01_multi/1745/img_fc/000_1737769511026403.bin,ssd2-1,https://forhondafotus.blob.core.windows.net/ssd2-1/20250124_jcvc01_multi/1745/img_fc/000_1737769511026403.bin
001_1737770111237999.bin,20250124_jcvc01_multi/1745/img_fc/001_1737770111237999.bin,ssd2-1,https://forhondafotus.blob.core.windows.net/ssd2-1/20250124_jcvc01_multi/1745/img_fc/001_1737770111237999.bin
002_1737770711342730.bin,20250124_jcvc01_multi/1745/img_fc/002_1737770711342730.bin,ssd2-1,https://forhondafotus.blob.core.windows.net/ssd2-1/20250124_jcvc01_multi/1745/img_fc/002_1737770711342730.bin
003_1737771311422291.bin,20250124_jcvc01_multi/1745/img_fc/003_1737771311422291.bin,ssd2-1,https://forhondafotus.blob.core.windows.net/ssd2-1/20250124_jcvc01_multi/1745/img_fc/003_1737771311422291.bin
004_1737771911964803.bin,20250124_jcvc01_multi/1745/img_fc/004_1737771911964803.bin,ssd2-1,https://forhondafotus.blob.core.windows.net/ssd2-1/20250124_jcvc01_multi/1745/img_fc/004_1737771911964803.bin
005_1737772512514637.bin,20250124_jcvc01_multi/1745/img_fc/005_1737772512514637.bin,ssd2-1,https://forhondafotus.blob.core.windows.net/ssd2-1/20250124_jcvc01_multi/1745/img_fc/005_1737772512514637.bin
006_1737773112716583.bin,20250124_jcvc01_multi/1745/img_fc/006_1737773112716583.bin,ssd2-1,https://forhondafotus.blob.core.windows.net/ssd2-1/20250124_jcvc01_multi/1745/img_fc/006_1737773112716583.bin
007_1737773712970483.bin,20250124_jcvc01_multi/1745/img_fc/007_1737773712970483.bin,ssd2-1,https://forhondafotus.blob.core.windows.net/ssd2-1/20250124_jcvc01_multi/1745/img_fc/007_1737773712970483.bin
008_1737774313356436.bin,20250124_jcvc01_multi/1745/img_fc/008_1737774313356436.bin,ssd2-1,https://forhondafotus.blob.core.windows.net/ssd2-1/20250124_jcvc01_multi/1745/img_fc/008_1737774313356436.bin
009_1737774914031324.bin,20250124_jcvc01_multi/1745/img_fc/009_1737774914031324.bin,ssd2-1,https://forhondafotus.blob.core.windows.net/ssd2-1/20250124_jcvc01_multi/1745/img_fc/009_1737774914031324.bin
010_1737775514593907.bin,20250124_jcvc01_multi/1745/img_fc/010_1737775514593907.bin,ssd2-1,https://forhondafotus.blob.core.windows.net/ssd2-1/20250124_jcvc01_multi/1745/img_fc/010_1737775514593907.bin
011_1737776114779130.bin,20250124_jcvc01_multi/1745/img_fc/011_1737776114779130.bin,ssd2-1,https://forhondafotus.blob.core.windows.net/ssd2-1/20250124_jcvc01_multi/1745/img_fc/011_1737776114779130.bin
012_1737776714828483.bin,20250124_jcvc01_multi/1745/img_fc/012_1737776714828483.bin,ssd2-1,https://forhondafotus.blob.core.windows.net/ssd2-1/20250124_jcvc01_multi/1745/img_fc/012_1737776714828483.bin
013_1737777315410039.bin,20250124_jcvc01_multi/1745/img_fc/013_1737777315410039.bin,ssd2-1,https://forhondafotus.blob.core.windows.net/ssd2-1/20250124_jcvc01_multi/1745/img_fc/013_1737777315410039.bin
014_1737777915606120.bin,20250124_jcvc01_multi/1745/img_fc/014_1737777915606120.bin,ssd2-1,https://forhondafotus.blob.core.windows.net/ssd2-1/20250124_jcvc01_multi/1745/img_fc/014_1737777915606120.bin
015_1737778515820146.bin,20250124_jcvc01_multi/1745/img_fc/015_1737778515820146.bin,ssd2-1,https://forhondafotus.blob.core.windows.net/ssd2-1/20250124_jcvc01_multi/1745/img_fc/015_1737778515820146.bin
016_1737779116458207.bin,20250124_jcvc01_multi/1745/img_fc/016_1737779116458207.bin,ssd2-1,https://forhondafotus.blob.core.windows.net/ssd2-1/20250124_jcvc01_multi/1745/img_fc/016_1737779116458207.bin
000_1737779421659121.bin,20250124_jcvc01_multi/2030/img_fc/000_1737779421659121.bin,ssd2-1,https://forhondafotus.blob.core.windows.net/ssd2-1/20250124_jcvc01_multi/2030/img_fc/000_1737779421659121.bin
000_1737834819804590.bin,20250125_jcvc01_multi/1153/img_fc/000_1737834819804590.bin,ssd2-1,https://forhondafotus.blob.core.windows.net/ssd2-1/20250125_jcvc01_multi/1153/img_fc/000_1737834819804590.bin
000_1737834911405207.bin,20250125_jcvc01_multi/1155/img_fc/000_1737834911405207.bin,ssd2-1,https://forhondafotus.blob.core.windows.net/ssd2-1/20250125_jcvc01_multi/1155/img_fc/000_1737834911405207.bin
001_1737835511516419.bin,20250125_jcvc01_multi/1155/img_fc/001_1737835511516419.bin,ssd2-1,https://forhondafotus.blob.core.windows.net/ssd2-1/20250125_jcvc01_multi/1155/img_fc/001_1737835511516419.bin
002_1737836111858430.bin,20250125_jcvc01_multi/1155/img_fc/002_1737836111858430.bin,ssd2-1,https://forhondafotus.blob.core.windows.net/ssd2-1/20250125_jcvc01_multi/1155/img_fc/002_1737836111858430.bin
003_1737836712230216.bin,20250125_jcvc01_multi/1155/img_fc/003_1737836712230216.bin,ssd2-1,https://forhondafotus.blob.core.windows.net/ssd2-1/20250125_jcvc01_multi/1155/img_fc/003_1737836712230216.bin
004_1737837312864225.bin,20250125_jcvc01_multi/1155/img_fc/004_1737837312864225.bin,ssd2-1,https://forhondafotus.blob.core.windows.net/ssd2-1/20250125_jcvc01_multi/1155/img_fc/004_1737837312864225.bin
005_1737837913446590.bin,20250125_jcvc01_multi/1155/img_fc/005_1737837913446590.bin,ssd2-1,https://forhondafotus.blob.core.windows.net/ssd2-1/20250125_jcvc01_multi/1155/img_fc/005_1737837913446590.bin
006_1737838513963578.bin,20250125_jcvc01_multi/1155/img_fc/006_1737838513963578.bin,ssd2-1,https://forhondafotus.blob.core.windows.net/ssd2-1/20250125_jcvc01_multi/1155/img_fc/006_1737838513963578.bin
007_1737839114155687.bin,20250125_jcvc01_multi/1155/img_fc/007_1737839114155687.bin,ssd2-1,https://forhondafotus.blob.core.windows.net/ssd2-1/20250125_jcvc01_multi/1155/img_fc/007_1737839114155687.bin
008_1737839714236634.bin,20250125_jcvc01_multi/1155/img_fc/008_1737839714236634.bin,ssd2-1,https://forhondafotus.blob.core.windows.net/ssd2-1/20250125_jcvc01_multi/1155/img_fc/008_1737839714236634.bin
009_1737840314300414.bin,20250125_jcvc01_multi/1155/img_fc/009_1737840314300414.bin,ssd2-1,https://forhondafotus.blob.core.windows.net/ssd2-1/20250125_jcvc01_multi/1155/img_fc/009_1737840314300414.bin
000_1737840945191814.bin,20250125_jcvc01_multi/1335/img_fc/000_1737840945191814.bin,ssd2-1,https://forhondafotus.blob.core.windows.net/ssd2-1/20250125_jcvc01_multi/1335/img_fc/000_1737840945191814.bin
000_1737843700627863.bin,20250125_jcvc01_multi/1421/img_fc/000_1737843700627863.bin,ssd2-1,https://forhondafotus.blob.core.windows.net/ssd2-1/20250125_jcvc01_multi/1421/img_fc/000_1737843700627863.bin
000_1737844228653490.bin,20250125_jcvc01_multi/1430/img_fc/000_1737844228653490.bin,ssd2-1,https://forhondafotus.blob.core.windows.net/ssd2-1/20250125_jcvc01_multi/1430/img_fc/000_1737844228653490.bin
000_1737844802443152.bin,20250125_jcvc01_multi/1440/img_fc/000_1737844802443152.bin,ssd2-1,https://forhondafotus.blob.core.windows.net/ssd2-1/20250125_jcvc01_multi/1440/img_fc/000_1737844802443152.bin
000_1737845163973418.bin,20250125_jcvc01_multi/1446/img_fc/000_1737845163973418.bin,ssd2-1,https://forhondafotus.blob.core.windows.net/ssd2-1/20250125_jcvc01_multi/1446/img_fc/000_1737845163973418.bin
000_1737845433093168.bin,20250125_jcvc01_multi/1450/img_fc/000_1737845433093168.bin,ssd2-1,https://forhondafotus.blob.core.windows.net/ssd2-1/20250125_jcvc01_multi/1450/img_fc/000_1737845433093168.bin
001_1737846033265569.bin,20250125_jcvc01_multi/1450/img_fc/001_1737846033265569.bin,ssd2-1,https://forhondafotus.blob.core.windows.net/ssd2-1/20250125_jcvc01_multi/1450/img_fc/001_1737846033265569.bin
002_1737846633934647.bin,20250125_jcvc01_multi/1450/img_fc/002_1737846633934647.bin,ssd2-1,https://forhondafotus.blob.core.windows.net/ssd2-1/20250125_jcvc01_multi/1450/img_fc/002_1737846633934647.bin
003_1737847234032770.bin,20250125_jcvc01_multi/1450/img_fc/003_1737847234032770.bin,ssd2-1,https://forhondafotus.blob.core.windows.net/ssd2-1/20250125_jcvc01_multi/1450/img_fc/003_1737847234032770.bin
004_1737847834232396.bin,20250125_jcvc01_multi/1450/img_fc/004_1737847834232396.bin,ssd2-1,https://forhondafotus.blob.core.windows.net/ssd2-1/20250125_jcvc01_multi/1450/img_fc/004_1737847834232396.bin
005_1737848434576619.bin,20250125_jcvc01_multi/1450/img_fc/005_1737848434576619.bin,ssd2-1,https://forhondafotus.blob.core.windows.net/ssd2-1/20250125_jcvc01_multi/1450/img_fc/005_1737848434576619.bin
